Product Name,Price
AJ DEZINES Kids Casual Wear Clothing Cotton,₹1,099.00
Allen Solly Men’s Regular Fit Polo,₹899.00
Aurelia Women Bright Blue Cotton Floral Printed A-Line Dress,₹1,399.00
Bacca Bucci Men Nightglider: The Elite Sportsperson’s Versatile Footwear,₹2,999.00
DEEP WORK: RULES FOR FOCUSED SUCCESS IN A DISTRACTED WORLD,₹184.00
Dell 15 Thin & Light Laptop,₹67,999.00
HP Laptop 15s,₹54,999.00
INKAST Men’s Double Pocket Cotton Shirt,₹699.00
Lenovo IdeaPad Slim 1,₹38,990.00
Motorola Edge 50 Fusion 5G (Hot Pink, 8GB RAM, 128GB Storage),₹27,999.00
Motorola razr 50 ultra (Spring Green, 12GB RAM, 512GB Storage),₹119,000.00
Samsung Galaxy M34 5G,₹16,999.00
Samsung Galaxy M35 5G,₹19,999.00
Sport Shoe For Men,₹1,599.00
Symactive Mens Tyger Walking Shoe,₹1,999.00
Vivo Z9 Lite 5G,₹11,999.00
W for Woman W Women Blue Round Neck Printed Kurta,₹699.00
